-- phpMyAdmin SQL Dump
-- version 5.2.1
-- https://www.phpmyadmin.net/
--
-- Host: localhost:3306
-- Generation Time: Aug 06, 2024 at 06:14 PM
-- Server version: 8.0.30
-- PHP Version: 8.1.10

SET SQL_MODE = "NO_AUTO_VALUE_ON_ZERO";
START TRANSACTION;
SET time_zone = "+00:00";


/*!40101 SET @OLD_CHARACTER_SET_CLIENT=@@CHARACTER_SET_CLIENT */;
/*!40101 SET @OLD_CHARACTER_SET_RESULTS=@@CHARACTER_SET_RESULTS */;
/*!40101 SET @OLD_COLLATION_CONNECTION=@@COLLATION_CONNECTION */;
/*!40101 SET NAMES utf8mb4 */;

--
-- Database: `skripsi_agel`
--

-- --------------------------------------------------------

--
-- Table structure for table `kompetensi`
--

CREATE TABLE `kompetensi` (
  `kode_kompetensi` varchar(10) COLLATE utf8mb4_general_ci NOT NULL,
  `nama_kompetensi` varchar(30) COLLATE utf8mb4_general_ci NOT NULL
) ENGINE=InnoDB DEFAULT CHARSET=utf8mb4 COLLATE=utf8mb4_general_ci;

--
-- Dumping data for table `kompetensi`
--

INSERT INTO `kompetensi` (`kode_kompetensi`, `nama_kompetensi`) VALUES
('K1', 'Berorientasi Pelayanan'),
('K2', 'Akuntabel'),
('K3', 'Kompeten'),
('K4', 'Harmonis'),
('K5', 'Loyal');

-- --------------------------------------------------------

--
-- Table structure for table `kriteria`
--

CREATE TABLE `kriteria` (
  `kode_kriteria` varchar(10) COLLATE utf8mb4_general_ci NOT NULL,
  `kode_kompetensi` varchar(10) COLLATE utf8mb4_general_ci NOT NULL,
  `nama_kriteria` varchar(100) CHARACTER SET utf8mb4 COLLATE utf8mb4_general_ci NOT NULL,
  `bobot_kriteria` int NOT NULL
) ENGINE=InnoDB DEFAULT CHARSET=utf8mb4 COLLATE=utf8mb4_general_ci;

--
-- Dumping data for table `kriteria`
--

INSERT INTO `kriteria` (`kode_kriteria`, `kode_kompetensi`, `nama_kriteria`, `bobot_kriteria`) VALUES
('C1', 'K1', 'Memahami dan memenuhi kebutuhan masyarakat', 3),
('C10', 'K4', 'Menghargai setiap orang apapun latar belakangnya', 3),
('C11', 'K4', 'Suka menolong orang lain', 3),
('C12', 'K4', 'Membangun lingkungan kerja yang kondusif', 4),
('C13', 'K5', 'Memang teguh ideologi Pancasila, Undang-Undang Dasar Negara Republik Indonesia Tahun1945, setia pada', 3),
('C14', 'K5', 'Menjaga nama baik ASN, Pimpinan, Instansi dan Negara', 3),
('C15', 'K5', 'Menjaga rahasi jabatan dan negara', 4),
('C2', 'K1', 'Ramah, cekatan, solutif, dan dapat Diandalkan', 3),
('C3', 'K1', 'Melakukan perbaikan tiada henti', 4),
('C4', 'K2', 'Melaksanakan tugas dengan jujur, bertanggungjawab, cermat, disiplin dan berintegritas tinggi', 3),
('C5', 'K2', 'Menggunakan kekayaan dan barangmilik negara secara bertanggungjawab, efektif dan efisien', 3),
('C6', 'K2', 'Tidak menyalahgunakan kewenangan jabatan Jabatan', 4),
('C7', 'K3', 'Meningkatkan kompetensi diri untuk untuk menjawab tantangan yang selalu Berubah', 4),
('C8', 'K3', 'Membantu orang lain belajar', 3),
('C9', 'K3', 'Melaksanakan tugas dengan kualitas terbaik', 3);
-- --------------------------------------------------------

--
-- Table structure for table `pengguna`
--

CREATE TABLE `pengguna` (
  `id_pengguna` int NOT NULL,
  `username` varchar(20) COLLATE utf8mb4_general_ci NOT NULL,
  `password` varchar(20) COLLATE utf8mb4_general_ci NOT NULL,
  `nip` varchar(20) COLLATE utf8mb4_general_ci NOT NULL,
  `nama_pengguna` varchar(30) COLLATE utf8mb4_general_ci NOT NULL,
  `jabatan` enum('Kepala','Operator','Karyawan') COLLATE utf8mb4_general_ci NOT NULL
) ENGINE=InnoDB DEFAULT CHARSET=utf8mb4 COLLATE=utf8mb4_general_ci;

--
-- Dumping data for table `pengguna`
--

INSERT INTO `pengguna` (`id_pengguna`, `username`, `password`, `nip`, `nama_pengguna`, `jabatan`) VALUES
(1, 'admin', 'admin', '-', 'Tara Julia Bepa', 'Operator'),
(2, 'root', 'root', '196312261994121001', 'Kepala Kanwil', 'Kepala'),
(3	,'	Ainil Huda	 ','root	 ','	19980211 201712 2 001	 ','	Ainil Huda	 ',	 'Karyawan'),
(4	,'	Arfad Sanhani Yuyan	 ','root	 ','	19940917 200912 1 001	 ','	Arfad Sanhani Yuyan	 ',	 'Karyawan'),
(5	,'	Bobby Sectio Wahyudi S.I.P.	 ','root	 ','	197906192006041001	 ','	Bobby Sectio Wahyudi S.I.P.	 ',	 'Karyawan'),
(6	,'	Debby Dahliawati, S.H	 ','root	 ','	19790213 200212 2 001	 ','	Debby Dahliawati, S.H	 ',	 'Karyawan'),
(7	,'	Dhimas Hariz Erlangga	 ','root	 ','	19980430 201712 1 00 1	 ','	Dhimas Hariz Erlangga	 ',	 'Karyawan'),
(8	,'	Desmaniar, S. H., M. Si	 ','root	 ','	19671213 199403 2 001	 ','	Desmaniar, S. H., M. Si	 ',	 'Karyawan'),
(9	,'	Dewi Sartika, S.E.	 ','root	 ','	19911223 201901 2 001	 ','	Dewi Sartika, S.E.	 ',	 'Karyawan'),
(10	,'	Fakhrul Rozi, S.E	 ','root	 ','	19841115 201012 1 003	 ','	Fakhrul Rozi, S.E	 ',	 'Karyawan'),
(11	,'	Hasran Sapawi, S.H., M.Hum.	 ','root	 ','	19700812 199403 1 001	 ','	Hasran Sapawi, S.H., M.Hum.	 ',	 'Karyawan'),
(12	,'	Imelda Milu Kemalasari, Sh	 ','root	 ','	19770502 200112 2001	 ','	Imelda Milu Kemalasari, Sh	 ',	 'Karyawan'),
(13	,'	Irwan, S.Sos.	 ','root	 ','	19811013 200801 1 005	 ','	Irwan, S.Sos.	 ',	 'Karyawan'),
(14	,'	Lastme Novi Diana, S.H., M.H	 ','root	 ','	19861102 201212 2 001	 ','	Lastme Novi Diana, S.H., M.H	 ',	 'Karyawan'),
(15	,'	Linna Trianita Bahari, A.Md	 ','root	 ','	19870819 201012 2 001	 ','	Linna Trianita Bahari, A.Md	 ',	 'Karyawan'),
(16	,'	Meri Delvia	 ','root	 ','	19821208 200112 2 002	 ','	Meri Delvia	 ',	 'Karyawan'),
(17	,'	Muhammad Farhan, S.Sos	 ','root	 ','	19830915 200912 1 004	 ','	Muhammad Farhan, S.Sos	 ',	 'Karyawan'),
(18	,'	Muhammad Taufiqqurrahman, S.H., M.H	 ','root	 ','	19821124 200912 1 004	 ','	Muhammad Taufiqqurrahman, S.H., M.H	 ',	 'Karyawan'),
(19	,'	Nanik Marlina Sri Weny, S.Pd	 ','root	 ','	19880331 2010t2 2 04	 ','	Nanik Marlina Sri Weny, S.Pd	 ',	 'Karyawan'),
(20	,'	Nidya Putri, S.H., S.E., M.M	 ','root	 ','	19830916 200912 2 005	 ','	Nidya Putri, S.H., S.E., M.M	 ',	 'Karyawan'),
(21	,'	Nofri Andre Arda, A.Md., Sh	 ','root	 ','	19910113 201503 1 001	 ','	Nofri Andre Arda, A.Md., Sh	 ',	 'Karyawan'),
(22	,'	Novaldi Herman, S.Ip	 ','root	 ','	19921119 201901 1 002	 ','	Novaldi Herman, S.Ip	 ',	 'Karyawan'),
(23	,'	Robby Satria Putra	 ','root	 ','	199312112017121000	 ','	Robby Satria Putra	 ',	 'Karyawan'),
(24	,'	Roni Okpisya, S.H.I.	 ','root	 ','	198510052010121002	 ','	Roni Okpisya, S.H.I.	 ',	 'Karyawan'),
(25	,'	Rydha Septiawan, S.H.	 ','root	 ','	19940919 201901 1 002	 ','	Rydha Septiawan, S.H.	 ',	 'Karyawan'),
(26	,'	Shinta Resta Putri	 ','root	 ','	199106112019012001	 ','	Shinta Resta Putri	 ',	 'Karyawan'),
(27	,'	Syahrul	 ','root	 ','	19870107 200912 1004	 ','	Syahrul	 ',	 'Karyawan'),
(28	,'	Sylvia Emrin., A.Md., S.Kom., Mh	 ','root	 ','	19870312 200912 2 003	 ','	Sylvia Emrin., A.Md., S.Kom., Mh	 ',	 'Karyawan'),
(29	,'	Tesi Susanti S.H..M.H	 ','root	 ','	1987707222006042001	 ','	Tesi Susanti S.H..M.H	 ',	 'Karyawan'),
(30	,'	Teguh Hidayat, A.Md	 ','root	 ','	198406122010121001	 ','	Teguh Hidayat, A.Md	 ',	 'Karyawan'),
(31	,'	Yunifar, S.H.,M.H.	 ','root	 ','	197504301998031001	 ','	Yunifar, S.H.,M.H.	 ',	 'Karyawan'),
(32	,'	Yustika Faella Shufa, A.Md.M.	 ','root	 ','	20000124 202203 2 001	 ','	Yustika Faella Shufa, A.Md.M.	 ',	 'Karyawan');
-- --------------------------------------------------------

--
-- Table structure for table `penilaian`
--

CREATE TABLE `penilaian` (
  `id_penilaian` int NOT NULL,
  `id_pengguna` int NOT NULL,
  `kode_kompetensi` varchar(10) COLLATE utf8mb4_general_ci NOT NULL,
  `kode_kriteria` varchar(10) COLLATE utf8mb4_general_ci NOT NULL,
  `nilai` int NOT NULL,
  `semester` int NOT NULL,
  `periode` varchar(10) COLLATE utf8mb4_general_ci NOT NULL
) ENGINE=InnoDB DEFAULT CHARSET=utf8mb4 COLLATE=utf8mb4_general_ci;

--
-- Dumping data for table `penilaian`
--

INSERT INTO `penilaian` (`id_penilaian`, `id_pengguna`, `kode_kompetensi`, `kode_kriteria`, `nilai`, `semester`, `periode`) VALUES
(1,3,'K1','C1',3,1,'2024/2025'),
(2,3,'K1','C2',5,1,'2024/2025'),
(3,3,'K1','C3',5,1,'2024/2025'),
(4,3,'K2','C4',5,1,'2024/2025'),
(5,3,'K2','C5',5,1,'2024/2025'),
(6,3,'K2','C6',3,1,'2024/2025'),
(7,3,'K3','C7',5,1,'2024/2025'),
(8,3,'K3','C8',5,1,'2024/2025'),
(9,3,'K3','C9',5,1,'2024/2025'),
(10,3,'K4','C10',3,1,'2024/2025'),
(11,3,'K4','C11',3,1,'2024/2025'),
(12,3,'K4','C12',5,1,'2024/2025'),
(13,3,'K5','C13',4,1,'2024/2025'),
(14,3,'K5','C14',3,1,'2024/2025'),
(15,3,'K5','C15',5,1,'2024/2025'),
(16,4,'K1','C1',5,1,'2024/2025'),
(17,4,'K1','C2',4,1,'2024/2025'),
(18,4,'K1','C3',3,1,'2024/2025'),
(19,4,'K2','C4',4,1,'2024/2025'),
(20,4,'K2','C5',4,1,'2024/2025'),
(21,4,'K2','C6',2,1,'2024/2025'),
(22,4,'K3','C7',4,1,'2024/2025'),
(23,4,'K3','C8',5,1,'2024/2025'),
(24,4,'K3','C9',4,1,'2024/2025'),
(25,4,'K4','C10',2,1,'2024/2025'),
(26,4,'K4','C11',2,1,'2024/2025'),
(27,4,'K4','C12',4,1,'2024/2025'),
(28,4,'K5','C13',4,1,'2024/2025'),
(29,4,'K5','C14',2,1,'2024/2025'),
(30,4,'K5','C15',4,1,'2024/2025'),
(31,5,'K1','C1',5,1,'2024/2025'),
(32,5,'K1','C2',4,1,'2024/2025'),
(33,5,'K1','C3',4,1,'2024/2025'),
(34,5,'K2','C4',4,1,'2024/2025'),
(35,5,'K2','C5',4,1,'2024/2025'),
(36,5,'K2','C6',4,1,'2024/2025'),
(37,5,'K3','C7',4,1,'2024/2025'),
(38,5,'K3','C8',5,1,'2024/2025'),
(39,5,'K3','C9',4,1,'2024/2025'),
(40,5,'K4','C10',4,1,'2024/2025'),
(41,5,'K4','C11',4,1,'2024/2025'),
(42,5,'K4','C12',4,1,'2024/2025'),
(43,5,'K5','C13',4,1,'2024/2025'),
(44,5,'K5','C14',4,1,'2024/2025'),
(45,5,'K5','C15',4,1,'2024/2025'),
(46,6,'K1','C1',5,1,'2024/2025'),
(47,6,'K1','C2',3,1,'2024/2025'),
(48,6,'K1','C3',5,1,'2024/2025'),
(49,6,'K2','C4',3,1,'2024/2025'),
(50,6,'K2','C5',5,1,'2024/2025'),
(51,6,'K2','C6',4,1,'2024/2025'),
(52,6,'K3','C7',4,1,'2024/2025'),
(53,6,'K3','C8',5,1,'2024/2025'),
(54,6,'K3','C9',5,1,'2024/2025'),
(55,6,'K4','C10',5,1,'2024/2025'),
(56,6,'K4','C11',4,1,'2024/2025'),
(57,6,'K4','C12',3,1,'2024/2025'),
(58,6,'K5','C13',3,1,'2024/2025'),
(59,6,'K5','C14',4,1,'2024/2025'),
(60,6,'K5','C15',3,1,'2024/2025'),
(61,7,'K1','C1',4,1,'2024/2025'),
(62,7,'K1','C2',5,1,'2024/2025'),
(63,7,'K1','C3',3,1,'2024/2025'),
(64,7,'K2','C4',5,1,'2024/2025'),
(65,7,'K2','C5',5,1,'2024/2025'),
(66,7,'K2','C6',3,1,'2024/2025'),
(67,7,'K3','C7',5,1,'2024/2025'),
(68,7,'K3','C8',4,1,'2024/2025'),
(69,7,'K3','C9',5,1,'2024/2025'),
(70,7,'K4','C10',3,1,'2024/2025'),
(71,7,'K4','C11',3,1,'2024/2025'),
(72,7,'K4','C12',5,1,'2024/2025'),
(73,7,'K5','C13',5,1,'2024/2025'),
(74,7,'K5','C14',3,1,'2024/2025'),
(75,7,'K5','C15',5,1,'2024/2025'),
(76,8,'K1','C1',5,1,'2024/2025'),
(77,8,'K1','C2',4,1,'2024/2025'),
(78,8,'K1','C3',5,1,'2024/2025'),
(79,8,'K2','C4',4,1,'2024/2025'),
(80,8,'K2','C5',5,1,'2024/2025'),
(81,8,'K2','C6',4,1,'2024/2025'),
(82,8,'K3','C7',5,1,'2024/2025'),
(83,8,'K3','C8',5,1,'2024/2025'),
(84,8,'K3','C9',5,1,'2024/2025'),
(85,8,'K4','C10',3,1,'2024/2025'),
(86,8,'K4','C11',4,1,'2024/2025'),
(87,8,'K4','C12',2,1,'2024/2025'),
(88,8,'K5','C13',5,1,'2024/2025'),
(89,8,'K5','C14',4,1,'2024/2025'),
(90,8,'K5','C15',3,1,'2024/2025'),
(91,9,'K1','C1',5,1,'2024/2025'),
(92,9,'K1','C2',5,1,'2024/2025'),
(93,9,'K1','C3',5,1,'2024/2025'),
(94,9,'K2','C4',5,1,'2024/2025'),
(95,9,'K2','C5',5,1,'2024/2025'),
(96,9,'K2','C6',5,1,'2024/2025'),
(97,9,'K3','C7',5,1,'2024/2025'),
(98,9,'K3','C8',5,1,'2024/2025'),
(99,9,'K3','C9',5,1,'2024/2025'),
(100,9,'K4','C10',5,1,'2024/2025'),
(101,9,'K4','C11',5,1,'2024/2025'),
(102,9,'K4','C12',2,1,'2024/2025'),
(103,9,'K5','C13',5,1,'2024/2025'),
(104,9,'K5','C14',5,1,'2024/2025'),
(105,9,'K5','C15',5,1,'2024/2025'),
(106,10,'K1','C1',5,1,'2024/2025'),
(107,10,'K1','C2',5,1,'2024/2025'),
(108,10,'K1','C3',4,1,'2024/2025'),
(109,10,'K2','C4',5,1,'2024/2025'),
(110,10,'K2','C5',4,1,'2024/2025'),
(111,10,'K2','C6',4,1,'2024/2025'),
(112,10,'K3','C7',4,1,'2024/2025'),
(113,10,'K3','C8',5,1,'2024/2025'),
(114,10,'K3','C9',4,1,'2024/2025'),
(115,10,'K4','C10',5,1,'2024/2025'),
(116,10,'K4','C11',4,1,'2024/2025'),
(117,10,'K4','C12',2,1,'2024/2025'),
(118,10,'K5','C13',5,1,'2024/2025'),
(119,10,'K5','C14',4,1,'2024/2025'),
(120,10,'K5','C15',4,1,'2024/2025'),
(121,11,'K1','C1',5,1,'2024/2025'),
(122,11,'K1','C2',5,1,'2024/2025'),
(123,11,'K1','C3',5,1,'2024/2025'),
(124,11,'K2','C4',5,1,'2024/2025'),
(125,11,'K2','C5',5,1,'2024/2025'),
(126,11,'K2','C6',4,1,'2024/2025'),
(127,11,'K3','C7',5,1,'2024/2025'),
(128,11,'K3','C8',3,1,'2024/2025'),
(129,11,'K3','C9',5,1,'2024/2025'),
(130,11,'K4','C10',3,1,'2024/2025'),
(131,11,'K4','C11',4,1,'2024/2025'),
(132,11,'K4','C12',5,1,'2024/2025'),
(133,11,'K5','C13',5,1,'2024/2025'),
(134,11,'K5','C14',4,1,'2024/2025'),
(135,11,'K5','C15',5,1,'2024/2025'),
(136,12,'K1','C1',5,1,'2024/2025'),
(137,12,'K1','C2',5,1,'2024/2025'),
(138,12,'K1','C3',3,1,'2024/2025'),
(139,12,'K2','C4',5,1,'2024/2025'),
(140,12,'K2','C5',3,1,'2024/2025'),
(141,12,'K2','C6',5,1,'2024/2025'),
(142,12,'K3','C7',3,1,'2024/2025'),
(143,12,'K3','C8',5,1,'2024/2025'),
(144,12,'K3','C9',3,1,'2024/2025'),
(145,12,'K4','C10',4,1,'2024/2025'),
(146,12,'K4','C11',5,1,'2024/2025'),
(147,12,'K4','C12',5,1,'2024/2025'),
(148,12,'K5','C13',5,1,'2024/2025'),
(149,12,'K5','C14',5,1,'2024/2025'),
(150,12,'K5','C15',3,1,'2024/2025'),
(151,13,'K1','C1',4,1,'2024/2025'),
(152,13,'K1','C2',5,1,'2024/2025'),
(153,13,'K1','C3',4,1,'2024/2025'),
(154,13,'K2','C4',5,1,'2024/2025'),
(155,13,'K2','C5',4,1,'2024/2025'),
(156,13,'K2','C6',2,1,'2024/2025'),
(157,13,'K3','C7',3,1,'2024/2025'),
(158,13,'K3','C8',4,1,'2024/2025'),
(159,13,'K3','C9',4,1,'2024/2025'),
(160,13,'K4','C10',2,1,'2024/2025'),
(161,13,'K4','C11',2,1,'2024/2025'),
(162,13,'K4','C12',5,1,'2024/2025'),
(163,13,'K5','C13',4,1,'2024/2025'),
(164,13,'K5','C14',2,1,'2024/2025'),
(165,13,'K5','C15',4,1,'2024/2025'),
(166,14,'K1','C1',5,1,'2024/2025'),
(167,14,'K1','C2',5,1,'2024/2025'),
(168,14,'K1','C3',5,1,'2024/2025'),
(169,14,'K2','C4',5,1,'2024/2025'),
(170,14,'K2','C5',5,1,'2024/2025'),
(171,14,'K2','C6',5,1,'2024/2025'),
(172,14,'K3','C7',5,1,'2024/2025'),
(173,14,'K3','C8',5,1,'2024/2025'),
(174,14,'K3','C9',5,1,'2024/2025'),
(175,14,'K4','C10',5,1,'2024/2025'),
(176,14,'K4','C11',5,1,'2024/2025'),
(177,14,'K4','C12',5,1,'2024/2025'),
(178,14,'K5','C13',4,1,'2024/2025'),
(179,14,'K5','C14',5,1,'2024/2025'),
(180,14,'K5','C15',2,1,'2024/2025'),
(181,15,'K1','C1',5,1,'2024/2025'),
(182,15,'K1','C2',5,1,'2024/2025'),
(183,15,'K1','C3',5,1,'2024/2025'),
(184,15,'K2','C4',5,1,'2024/2025'),
(185,15,'K2','C5',5,1,'2024/2025'),
(186,15,'K2','C6',5,1,'2024/2025'),
(187,15,'K3','C7',4,1,'2024/2025'),
(188,15,'K3','C8',5,1,'2024/2025'),
(189,15,'K3','C9',5,1,'2024/2025'),
(190,15,'K4','C10',5,1,'2024/2025'),
(191,15,'K4','C11',5,1,'2024/2025'),
(192,15,'K4','C12',5,1,'2024/2025'),
(193,15,'K5','C13',4,1,'2024/2025'),
(194,15,'K5','C14',5,1,'2024/2025'),
(195,15,'K5','C15',5,1,'2024/2025'),
(196,16,'K1','C1',5,1,'2024/2025'),
(197,16,'K1','C2',2,1,'2024/2025'),
(198,16,'K1','C3',4,1,'2024/2025'),
(199,16,'K2','C4',2,1,'2024/2025'),
(200,16,'K2','C5',4,1,'2024/2025'),
(201,16,'K2','C6',5,1,'2024/2025'),
(202,16,'K3','C7',5,1,'2024/2025'),
(203,16,'K3','C8',2,1,'2024/2025'),
(204,16,'K3','C9',4,1,'2024/2025'),
(205,16,'K4','C10',4,1,'2024/2025'),
(206,16,'K4','C11',5,1,'2024/2025'),
(207,16,'K4','C12',2,1,'2024/2025'),
(208,16,'K5','C13',5,1,'2024/2025'),
(209,16,'K5','C14',5,1,'2024/2025'),
(210,16,'K5','C15',4,1,'2024/2025'),
(211,17,'K1','C1',5,1,'2024/2025'),
(212,17,'K1','C2',4,1,'2024/2025'),
(213,17,'K1','C3',5,1,'2024/2025'),
(214,17,'K2','C4',4,1,'2024/2025'),
(215,17,'K2','C5',5,1,'2024/2025'),
(216,17,'K2','C6',4,1,'2024/2025'),
(217,17,'K3','C7',5,1,'2024/2025'),
(218,17,'K3','C8',5,1,'2024/2025'),
(219,17,'K3','C9',5,1,'2024/2025'),
(220,17,'K4','C10',5,1,'2024/2025'),
(221,17,'K4','C11',4,1,'2024/2025'),
(222,17,'K4','C12',4,1,'2024/2025'),
(223,17,'K5','C13',5,1,'2024/2025'),
(224,17,'K5','C14',4,1,'2024/2025'),
(225,17,'K5','C15',5,1,'2024/2025'),
(226,19,'K1','C1',5,1,'2024/2025'),
(227,19,'K1','C2',5,1,'2024/2025'),
(228,19,'K1','C3',2,1,'2024/2025'),
(229,19,'K2','C4',5,1,'2024/2025'),
(230,19,'K2','C5',5,1,'2024/2025'),
(231,19,'K2','C6',5,1,'2024/2025'),
(232,19,'K3','C7',5,1,'2024/2025'),
(233,19,'K3','C8',2,1,'2024/2025'),
(234,19,'K3','C9',5,1,'2024/2025'),
(235,19,'K4','C10',4,1,'2024/2025'),
(236,19,'K4','C11',5,1,'2024/2025'),
(237,19,'K4','C12',5,1,'2024/2025'),
(238,19,'K5','C13',4,1,'2024/2025'),
(239,19,'K5','C14',5,1,'2024/2025'),
(240,19,'K5','C15',2,1,'2024/2025'),
(241,20,'K1','C1',5,1,'2024/2025'),
(242,20,'K1','C2',5,1,'2024/2025'),
(243,20,'K1','C3',5,1,'2024/2025'),
(244,20,'K2','C4',5,1,'2024/2025'),
(245,20,'K2','C5',5,1,'2024/2025'),
(246,20,'K2','C6',2,1,'2024/2025'),
(247,20,'K3','C7',4,1,'2024/2025'),
(248,20,'K3','C8',5,1,'2024/2025'),
(249,20,'K3','C9',5,1,'2024/2025'),
(250,20,'K4','C10',4,1,'2024/2025'),
(251,20,'K4','C11',5,1,'2024/2025'),
(252,20,'K4','C12',5,1,'2024/2025'),
(253,20,'K5','C13',4,1,'2024/2025'),
(254,20,'K5','C14',5,1,'2024/2025'),
(255,20,'K5','C15',5,1,'2024/2025'),
(256,21,'K1','C1',4,1,'2024/2025'),
(257,21,'K1','C2',5,1,'2024/2025'),
(258,21,'K1','C3',5,1,'2024/2025'),
(259,21,'K2','C4',5,1,'2024/2025'),
(260,21,'K2','C5',5,1,'2024/2025'),
(261,21,'K2','C6',3,1,'2024/2025'),
(262,21,'K3','C7',4,1,'2024/2025'),
(263,21,'K3','C8',4,1,'2024/2025'),
(264,21,'K3','C9',5,1,'2024/2025'),
(265,21,'K4','C10',5,1,'2024/2025'),
(266,21,'K4','C11',3,1,'2024/2025'),
(267,21,'K4','C12',5,1,'2024/2025'),
(268,21,'K5','C13',5,1,'2024/2025'),
(269,21,'K5','C14',3,1,'2024/2025'),
(270,21,'K5','C15',3,1,'2024/2025'),
(271,22,'K1','C1',5,1,'2024/2025'),
(272,22,'K1','C2',5,1,'2024/2025'),
(273,22,'K1','C3',5,1,'2024/2025'),
(274,22,'K2','C4',5,1,'2024/2025'),
(275,22,'K2','C5',5,1,'2024/2025'),
(276,22,'K2','C6',4,1,'2024/2025'),
(277,22,'K3','C7',5,1,'2024/2025'),
(278,22,'K3','C8',5,1,'2024/2025'),
(279,22,'K3','C9',5,1,'2024/2025'),
(280,22,'K4','C10',5,1,'2024/2025'),
(281,22,'K4','C11',4,1,'2024/2025'),
(282,22,'K4','C12',2,1,'2024/2025'),
(283,22,'K5','C13',5,1,'2024/2025'),
(284,22,'K5','C14',4,1,'2024/2025'),
(285,22,'K5','C15',5,1,'2024/2025'),
(286,23,'K1','C1',5,1,'2024/2025'),
(287,23,'K1','C2',5,1,'2024/2025'),
(288,23,'K1','C3',2,1,'2024/2025'),
(289,23,'K2','C4',5,1,'2024/2025'),
(290,23,'K2','C5',5,1,'2024/2025'),
(291,23,'K2','C6',4,1,'2024/2025'),
(292,23,'K3','C7',4,1,'2024/2025'),
(293,23,'K3','C8',5,1,'2024/2025'),
(294,23,'K3','C9',5,1,'2024/2025'),
(295,23,'K4','C10',3,1,'2024/2025'),
(296,23,'K4','C11',4,1,'2024/2025'),
(297,23,'K4','C12',5,1,'2024/2025'),
(298,23,'K5','C13',5,1,'2024/2025'),
(299,23,'K5','C14',4,1,'2024/2025'),
(300,23,'K5','C15',3,1,'2024/2025'),
(301,24,'K1','C1',5,1,'2024/2025'),
(302,24,'K1','C2',4,1,'2024/2025'),
(303,24,'K1','C3',5,1,'2024/2025'),
(304,24,'K2','C4',4,1,'2024/2025'),
(305,24,'K2','C5',5,1,'2024/2025'),
(306,24,'K2','C6',5,1,'2024/2025'),
(307,24,'K3','C7',5,1,'2024/2025'),
(308,24,'K3','C8',5,1,'2024/2025'),
(309,24,'K3','C9',5,1,'2024/2025'),
(310,24,'K4','C10',5,1,'2024/2025'),
(311,24,'K4','C11',5,1,'2024/2025'),
(312,24,'K4','C12',4,1,'2024/2025'),
(313,24,'K5','C13',4,1,'2024/2025'),
(314,24,'K5','C14',5,1,'2024/2025'),
(315,24,'K5','C15',5,1,'2024/2025'),
(316,25,'K1','C1',5,1,'2024/2025'),
(317,25,'K1','C2',4,1,'2024/2025'),
(318,25,'K1','C3',4,1,'2024/2025'),
(319,25,'K2','C4',4,1,'2024/2025'),
(320,25,'K2','C5',4,1,'2024/2025'),
(321,25,'K2','C6',5,1,'2024/2025'),
(322,25,'K3','C7',4,1,'2024/2025'),
(323,25,'K3','C8',5,1,'2024/2025'),
(324,25,'K3','C9',4,1,'2024/2025'),
(325,25,'K4','C10',5,1,'2024/2025'),
(326,25,'K4','C11',5,1,'2024/2025'),
(327,25,'K4','C12',2,1,'2024/2025'),
(328,25,'K5','C13',5,1,'2024/2025'),
(329,25,'K5','C14',5,1,'2024/2025'),
(330,25,'K5','C15',4,1,'2024/2025'),
(331,26,'K1','C1',5,1,'2024/2025'),
(332,26,'K1','C2',3,1,'2024/2025'),
(333,26,'K1','C3',5,1,'2024/2025'),
(334,26,'K2','C4',3,1,'2024/2025'),
(335,26,'K2','C5',5,1,'2024/2025'),
(336,26,'K2','C6',4,1,'2024/2025'),
(337,26,'K3','C7',5,1,'2024/2025'),
(338,26,'K3','C8',5,1,'2024/2025'),
(339,26,'K3','C9',5,1,'2024/2025'),
(340,26,'K4','C10',5,1,'2024/2025'),
(341,26,'K4','C11',4,1,'2024/2025'),
(342,26,'K4','C12',3,1,'2024/2025'),
(343,26,'K5','C13',5,1,'2024/2025'),
(344,26,'K5','C14',4,1,'2024/2025'),
(345,26,'K5','C15',5,1,'2024/2025'),
(346,27,'K1','C1',5,1,'2024/2025'),
(347,27,'K1','C2',5,1,'2024/2025'),
(348,27,'K1','C3',3,1,'2024/2025'),
(349,27,'K2','C4',5,1,'2024/2025'),
(350,27,'K2','C5',2,1,'2024/2025'),
(351,27,'K2','C6',2,1,'2024/2025'),
(352,27,'K3','C7',4,1,'2024/2025'),
(353,27,'K3','C8',5,1,'2024/2025'),
(354,27,'K3','C9',3,1,'2024/2025'),
(355,27,'K4','C10',4,1,'2024/2025'),
(356,27,'K4','C11',5,1,'2024/2025'),
(357,27,'K4','C12',5,1,'2024/2025'),
(358,27,'K5','C13',3,1,'2024/2025'),
(359,27,'K5','C14',5,1,'2024/2025'),
(360,27,'K5','C15',3,1,'2024/2025'),
(361,28,'K1','C1',5,1,'2024/2025'),
(362,28,'K1','C2',5,1,'2024/2025'),
(363,28,'K1','C3',2,1,'2024/2025'),
(364,28,'K2','C4',5,1,'2024/2025'),
(365,28,'K2','C5',2,1,'2024/2025'),
(366,28,'K2','C6',2,1,'2024/2025'),
(367,28,'K3','C7',4,1,'2024/2025'),
(368,28,'K3','C8',5,1,'2024/2025'),
(369,28,'K3','C9',5,1,'2024/2025'),
(370,28,'K4','C10',2,1,'2024/2025'),
(371,28,'K4','C11',2,1,'2024/2025'),
(372,28,'K4','C12',2,1,'2024/2025'),
(373,28,'K5','C13',5,1,'2024/2025'),
(374,28,'K5','C14',2,1,'2024/2025'),
(375,28,'K5','C15',5,1,'2024/2025'),
(376,29,'K1','C1',5,1,'2024/2025'),
(377,29,'K1','C2',5,1,'2024/2025'),
(378,29,'K1','C3',5,1,'2024/2025'),
(379,29,'K2','C4',5,1,'2024/2025'),
(380,29,'K2','C5',5,1,'2024/2025'),
(381,29,'K2','C6',4,1,'2024/2025'),
(382,29,'K3','C7',5,1,'2024/2025'),
(383,29,'K3','C8',5,1,'2024/2025'),
(384,29,'K3','C9',5,1,'2024/2025'),
(385,29,'K4','C10',5,1,'2024/2025'),
(386,29,'K4','C11',4,1,'2024/2025'),
(387,29,'K4','C12',5,1,'2024/2025'),
(388,29,'K5','C13',4,1,'2024/2025'),
(389,29,'K5','C14',4,1,'2024/2025'),
(390,29,'K5','C15',5,1,'2024/2025'),
(391,30,'K1','C1',5,1,'2024/2025'),
(392,30,'K1','C2',4,1,'2024/2025'),
(393,30,'K1','C3',4,1,'2024/2025'),
(394,30,'K2','C4',4,1,'2024/2025'),
(395,30,'K2','C5',4,1,'2024/2025'),
(396,30,'K2','C6',3,1,'2024/2025'),
(397,30,'K3','C7',4,1,'2024/2025'),
(398,30,'K3','C8',5,1,'2024/2025'),
(399,30,'K3','C9',4,1,'2024/2025'),
(400,30,'K4','C10',4,1,'2024/2025'),
(401,30,'K4','C11',3,1,'2024/2025'),
(402,30,'K4','C12',4,1,'2024/2025'),
(403,30,'K5','C13',4,1,'2024/2025'),
(404,30,'K5','C14',3,1,'2024/2025'),
(405,30,'K5','C15',4,1,'2024/2025'),
(406,31,'K1','C1',5,1,'2024/2025'),
(407,31,'K1','C2',5,1,'2024/2025'),
(408,31,'K1','C3',4,1,'2024/2025'),
(409,31,'K2','C4',5,1,'2024/2025'),
(410,31,'K2','C5',4,1,'2024/2025'),
(411,31,'K2','C6',5,1,'2024/2025'),
(412,31,'K3','C7',3,1,'2024/2025'),
(413,31,'K3','C8',5,1,'2024/2025'),
(414,31,'K3','C9',4,1,'2024/2025'),
(415,31,'K4','C10',5,1,'2024/2025'),
(416,31,'K4','C11',5,1,'2024/2025'),
(417,31,'K4','C12',5,1,'2024/2025'),
(418,31,'K5','C13',5,1,'2024/2025'),
(419,31,'K5','C14',5,1,'2024/2025'),
(420,31,'K5','C15',4,1,'2024/2025'),
(421,32,'K1','C1',5,1,'2024/2025'),
(422,32,'K1','C2',4,1,'2024/2025'),
(423,32,'K1','C3',5,1,'2024/2025'),
(424,32,'K2','C4',4,1,'2024/2025'),
(425,32,'K2','C5',5,1,'2024/2025'),
(426,32,'K2','C6',4,1,'2024/2025'),
(427,32,'K3','C7',3,1,'2024/2025'),
(428,32,'K3','C8',5,1,'2024/2025'),
(429,32,'K3','C9',5,1,'2024/2025'),
(430,32,'K4','C10',4,1,'2024/2025'),
(431,32,'K4','C11',4,1,'2024/2025'),
(432,32,'K4','C12',4,1,'2024/2025'),
(433,32,'K5','C13',5,1,'2024/2025'),
(434,32,'K5','C14',4,1,'2024/2025'),
(435,32,'K5','C15',5,1,'2024/2025'),
(436,33,'K1','C1',5,1,'2024/2025'),
(437,33,'K1','C2',5,1,'2024/2025'),
(438,33,'K1','C3',5,1,'2024/2025'),
(439,33,'K2','C4',5,1,'2024/2025'),
(440,33,'K2','C5',5,1,'2024/2025'),
(441,33,'K2','C6',4,1,'2024/2025'),
(442,33,'K3','C7',5,1,'2024/2025'),
(443,33,'K3','C8',5,1,'2024/2025'),
(444,33,'K3','C9',5,1,'2024/2025'),
(445,33,'K4','C10',4,1,'2024/2025'),
(446,33,'K4','C11',4,1,'2024/2025'),
(447,33,'K4','C12',5,1,'2024/2025'),
(448,33,'K5','C13',5,1,'2024/2025'),
(449,33,'K5','C14',4,1,'2024/2025'),
(450,33,'K5','C15',5,1,'2024/2025');


--
-- Indexes for dumped tables
--

--
-- Indexes for table `kompetensi`
--
ALTER TABLE `kompetensi`
  ADD PRIMARY KEY (`kode_kompetensi`);

--
-- Indexes for table `kriteria`
--
ALTER TABLE `kriteria`
  ADD PRIMARY KEY (`kode_kriteria`),
  ADD KEY `kode_kompetensi` (`kode_kompetensi`);

--
-- Indexes for table `pengguna`
--
ALTER TABLE `pengguna`
  ADD PRIMARY KEY (`id_pengguna`);

--
-- Indexes for table `penilaian`
--
ALTER TABLE `penilaian`
  ADD PRIMARY KEY (`id_penilaian`),
  ADD KEY `id_pengguna` (`id_pengguna`),
  ADD KEY `kode_kompetensi` (`kode_kompetensi`),
  ADD KEY `kode_kriteria` (`kode_kriteria`);

--
-- AUTO_INCREMENT for dumped tables
--

--
-- AUTO_INCREMENT for table `pengguna`
--
ALTER TABLE `pengguna`
  MODIFY `id_pengguna` int NOT NULL AUTO_INCREMENT, AUTO_INCREMENT=33;

--
-- AUTO_INCREMENT for table `penilaian`
--
ALTER TABLE `penilaian`
  MODIFY `id_penilaian` int NOT NULL AUTO_INCREMENT, AUTO_INCREMENT=371;

--
-- Constraints for dumped tables
--

--
-- Constraints for table `kriteria`
--
ALTER TABLE `kriteria`
  ADD CONSTRAINT `kriteria_ibfk_1` FOREIGN KEY (`kode_kompetensi`) REFERENCES `kompetensi` (`kode_kompetensi`) ON DELETE CASCADE ON UPDATE CASCADE;

--
-- Constraints for table `penilaian`
--
ALTER TABLE `penilaian`
  ADD CONSTRAINT `penilaian_ibfk_1` FOREIGN KEY (`id_pengguna`) REFERENCES `pengguna` (`id_pengguna`) ON DELETE CASCADE ON UPDATE CASCADE,
  ADD CONSTRAINT `penilaian_ibfk_2` FOREIGN KEY (`kode_kompetensi`) REFERENCES `kompetensi` (`kode_kompetensi`) ON DELETE CASCADE ON UPDATE CASCADE,
  ADD CONSTRAINT `penilaian_ibfk_3` FOREIGN KEY (`kode_kriteria`) REFERENCES `kriteria` (`kode_kriteria`) ON DELETE CASCADE ON UPDATE CASCADE;
COMMIT;

/*!40101 SET CHARACTER_SET_CLIENT=@OLD_CHARACTER_SET_CLIENT */;
/*!40101 SET CHARACTER_SET_RESULTS=@OLD_CHARACTER_SET_RESULTS */;
/*!40101 SET COLLATION_CONNECTION=@OLD_COLLATION_CONNECTION */;
